<?xml version="1.0" encoding="UTF-8"?>
<uptime xmlns:xsi="http://www.w3.org/2001/XMLSchema-instance"
        xsi:schemaLocation="http://www.uptimesoftware.com/erdc/erdc erdc"
        xmlns="http://www.uptimesoftware.com/erdc/erdc"
        xmlns:upt="http://www.uptimesoftware.com/erdc/erdc" version="4.0" target_grouping="other">
    <class>Websphere MQ</class>
    <exec>com.uptimesoftware.uptime.erdc.MonitorWebsphereMQ</exec>
    <elements>
        <element name="port" parameter_type="input" data_type="integer" gui_basic="1"
                 range_type="0" units="">
            <control_options>size:10</control_options>
            <default_value>1414</default_value>
            <short_description>MQ Manager Port</short_description>
            <long_description>Enter the port the MQ manager is listening on</long_description>
            <validation_rule>
                <alphanumeric/>
            </validation_rule>
            <error_message>
                <alphanumeric>required field</alphanumeric>
            </error_message>
            <gui_type>
                <integer/>
            </gui_type>
        </element>
        
        <element name="channelName" parameter_type="input" data_type="string" gui_basic="1"
                 range_type="0" units="">
            <control_options>size:10</control_options>
            <default_value></default_value>
            <short_description>MQ Channel Name</short_description>
            <long_description>The MQ Connection Channel to communicate through</long_description>
            <validation_rule>
                <alphanumeric/>
            </validation_rule>
            <error_message>
                <alphanumeric>required field</alphanumeric>
            </error_message>
            <gui_type>
                <string/>
            </gui_type>
        </element>

        <element name="queueFilter" parameter_type="input" data_type="string" gui_basic="1"
                 range_type="0" units="">
            <control_options>size:10</control_options>
            <default_value></default_value>
            <short_description>Queue List</short_description>
            <long_description>The MQ Queues to return (Comma separated list)</long_description>
            <validation_rule/>
            <error_message/>
            <gui_type>
                <string/>
            </gui_type>
        </element>
        
        <element name="queueExists" parameter_type="input" data_type="string" gui_basic="1"
                 range_type="0" units="">
            <control_options>size:10</control_options>
            <default_value></default_value>
            <short_description>Queue Check</short_description>
            <long_description>The MQ Queues to check exist (Comma separated list)</long_description>
            <validation_rule/>
            <error_message/>
            <gui_type>
                <string/>
            </gui_type>
        </element>        

        <element name="showSystemQueues" parameter_type="input" data_type="boolean" gui_basic="1"
                 range_type="0" units="">
            <control_options>size:10</control_options>
            <default_value>false</default_value>
            <short_description>Show SYSTEM queues</short_description>
            <long_description>Whether the monitor returns the SYSTEM queue information</long_description>
            <validation_rule/>
            <error_message/>                
            <gui_type>
                <boolean/>
            </gui_type>
        </element>
        
        <element name="currentQueueDepth" parameter_type="output" data_type="ranged" gui_basic="1"
                 range_type="1" units="#">
            <control_options>size:8</control_options>
            <default_value/>
            <short_description>Current Queue Depth</short_description>
            <long_description>Number of messages currently in the queue</long_description>
            <validation_rule/>
            <error_message/>
            <gui_type>
                <decimal/>
            </gui_type>
        </element>
        
        <element name="maxQueueDepth" parameter_type="output" data_type="ranged" gui_basic="1"
                 range_type="1" units="#">
            <control_options>size:8</control_options>
            <default_value/>
            <short_description>Maximum Queue Depth</short_description>
            <long_description>Maximum message depth of the queue</long_description>
            <validation_rule/>
            <error_message/>
            <gui_type>
                <decimal/>
            </gui_type>
        </element>
        
        <element name="timer" parameter_type="output" data_type="integer" gui_basic="0"
                 range_type="1" units="ms">
            <control_options>size:8</control_options>
            <default_value/>
            <short_description>Response time</short_description>
            <long_description>Response time in ms</long_description>
            <validation_rule/>
            <error_message/>
            <gui_type>
                <integer/>
            </gui_type>
        </element>
        
    </elements>
    <help/>
</uptime>
